-- phpMyAdmin SQL Dump
-- version 4.9.1
-- https://www.phpmyadmin.net/
--
-- Servidor: localhost
-- Tiempo de generación: 03-12-2021 a las 14:56:13
-- Versión del servidor: 8.0.17
-- Versión de PHP: 7.3.10

SET SQL_MODE = "NO_AUTO_VALUE_ON_ZERO";
SET AUTOCOMMIT = 0;
START TRANSACTION;
SET time_zone = "+00:00";


/*!40101 SET @OLD_CHARACTER_SET_CLIENT=@@CHARACTER_SET_CLIENT */;
/*!40101 SET @OLD_CHARACTER_SET_RESULTS=@@CHARACTER_SET_RESULTS */;
/*!40101 SET @OLD_COLLATION_CONNECTION=@@COLLATION_CONNECTION */;
/*!40101 SET NAMES utf8mb4 */;

--
-- Base de datos: `tienda`
--

-- --------------------------------------------------------

--
-- Estructura de tabla para la tabla `carrito`
--

CREATE TABLE `carrito` (
  `idCarrito` int(11) NOT NULL,
  `idUsuario` int(11) NOT NULL,
  `fecha` date NOT NULL,
  `estado` varchar(10) NOT NULL
) ENGINE=InnoDB DEFAULT CHARSET=utf8mb4 ;

--
-- Volcado de datos para la tabla `carrito`
--

INSERT INTO `carrito` (`idCarrito`, `idUsuario`, `fecha`, `estado`) VALUES
(34, 1, '2020-12-22', 'abierto'),
(35, 1, '2020-12-22', 'cerrado');

-- --------------------------------------------------------

--
-- Estructura de tabla para la tabla `comentario`
--

CREATE TABLE `comentario` (
  `idComentario` int(11) NOT NULL,
  `id` int(11) NOT NULL,
  `descripcion` varchar(120) NOT NULL,
  `fecha` date NOT NULL
) ENGINE=InnoDB DEFAULT CHARSET=utf8mb4 ;

--
-- Volcado de datos para la tabla `comentario`
--

INSERT INTO `comentario` (`idComentario`, `id`, `descripcion`, `fecha`) VALUES
(17, 10, 'malo', '2021-11-09'),
(18, 8, 'me gusto', '2021-11-28'),
(21, 8, 'perreo intenso main', '2021-12-02');

-- --------------------------------------------------------

--
-- Estructura de tabla para la tabla `pago`
--

CREATE TABLE `pago` (
  `nroPago` int(11) UNSIGNED NOT NULL,
  `tipo_pago` varchar(50) NOT NULL,
  `fecha_pago` datetime NOT NULL,
  `cuilCliente` int(11) NOT NULL,
  `nroCarrito` int(11) NOT NULL,
  `condicionIva` varchar(50) NOT NULL,
  `nombre` varchar(120) NOT NULL,
  `telefono` int(11) NOT NULL,
  `email` varchar(120) NOT NULL,
  `entrega` varchar(220) NOT NULL
) ENGINE=InnoDB DEFAULT CHARSET=utf8mb4 ;

--
-- Volcado de datos para la tabla `pago`
--

INSERT INTO `pago` (`nroPago`, `tipo_pago`, `fecha_pago`, `cuilCliente`, `nroCarrito`, `condicionIva`, `nombre`, `telefono`, `email`, `entrega`) VALUES
(100, 'meracoPago', '2020-12-21 00:00:00', 1, 35, 'responsableInscripto', 'franco', 1231232, 'fraco@gmail.com', 'domicilio');

-- --------------------------------------------------------

--
-- Estructura de tabla para la tabla `producto`
--

CREATE TABLE `producto` (
  `id` int(11) NOT NULL,
  `nombre` varchar(50) NOT NULL,
  `precio` double NOT NULL,
  `stock` int(11) NOT NULL,
  `img` varchar(255) NOT NULL
) ENGINE=InnoDB DEFAULT CHARSET=utf8mb4 ;

--
-- Volcado de datos para la tabla `producto`
--

INSERT INTO `producto` (`id`, `nombre`, `precio`, `stock`, `img`) VALUES
(8, 'Harina 0000 Cañuelas', 60, 30, 'harina-4-0-canuelas-25kg.jpg'),
(9, 'Queso Rallado', 120.5, 15, 'quesoRallado.jpg'),
(10, 'Arroz Lucchetti', 35.25, 60, 'ARROZ fino.jpg'),
(11, 'Mayonesa', 125, 250, 'mayonesa.jpg'),
(12, 'Detergente', 200, 250, 'detergente.jpg'),
(13, 'Cerveza ', 100, 3000, 'cerveza.png'),
(14, 'Mani Pehuamar', 189.99, 1000, 'mani.jpg'),
(15, 'Sidra 1888', 588.99, 800, 'sidra.jpg'),
(16, 'Blem Lustramuebles', 299.99, 1, 'blem.jpg');

-- --------------------------------------------------------

--
-- Estructura de tabla para la tabla `productoxcarrito`
--

CREATE TABLE `productoxcarrito` (
  `idCarrito` int(11) NOT NULL,
  `idProducto` int(11) NOT NULL,
  `cantProducto` int(11) NOT NULL
) ENGINE=InnoDB DEFAULT CHARSET=utf8mb4 ;

--
-- Volcado de datos para la tabla `productoxcarrito`
--

INSERT INTO `productoxcarrito` (`idCarrito`, `idProducto`, `cantProducto`) VALUES
(34, 8, 22),
(34, 9, 4),
(34, 10, 1),
(34, 11, 8),
(34, 13, 8),
(34, 15, 1),
(35, 8, 10);

-- --------------------------------------------------------

--
-- Estructura de tabla para la tabla `usuario`
--

CREATE TABLE `usuario` (
  `idUsuario` int(11) NOT NULL
) ENGINE=InnoDB DEFAULT CHARSET=utf8mb4 ;

--
-- Volcado de datos para la tabla `usuario`
--

INSERT INTO `usuario` (`idUsuario`) VALUES
(1);

--
-- Índices para tablas volcadas
--

--
-- Indices de la tabla `carrito`
--
ALTER TABLE `carrito`
  ADD PRIMARY KEY (`idCarrito`),
  ADD KEY `idUsuario` (`idUsuario`);

--
-- Indices de la tabla `comentario`
--
ALTER TABLE `comentario`
  ADD PRIMARY KEY (`idComentario`),
  ADD KEY `id` (`id`);

--
-- Indices de la tabla `pago`
--
ALTER TABLE `pago`
  ADD PRIMARY KEY (`nroPago`),
  ADD KEY `nroCarrito` (`nroCarrito`),
  ADD KEY `cuilCliente` (`cuilCliente`);

--
-- Indices de la tabla `producto`
--
ALTER TABLE `producto`
  ADD PRIMARY KEY (`id`);

--
-- Indices de la tabla `productoxcarrito`
--
ALTER TABLE `productoxcarrito`
  ADD PRIMARY KEY (`idCarrito`,`idProducto`);

--
-- Indices de la tabla `usuario`
--
ALTER TABLE `usuario`
  ADD PRIMARY KEY (`idUsuario`);

--
-- AUTO_INCREMENT de las tablas volcadas
--

--
-- AUTO_INCREMENT de la tabla `carrito`
--
ALTER TABLE `carrito`
  MODIFY `idCarrito` int(11) NOT NULL AUTO_INCREMENT, AUTO_INCREMENT=36;

--
-- AUTO_INCREMENT de la tabla `comentario`
--
ALTER TABLE `comentario`
  MODIFY `idComentario` int(11) NOT NULL AUTO_INCREMENT, AUTO_INCREMENT=22;

--
-- AUTO_INCREMENT de la tabla `pago`
--
ALTER TABLE `pago`
  MODIFY `nroPago` int(11) UNSIGNED NOT NULL AUTO_INCREMENT, AUTO_INCREMENT=102;

--
-- AUTO_INCREMENT de la tabla `producto`
--
ALTER TABLE `producto`
  MODIFY `id` int(11) NOT NULL AUTO_INCREMENT, AUTO_INCREMENT=17;

--
-- AUTO_INCREMENT de la tabla `usuario`
--
ALTER TABLE `usuario`
  MODIFY `idUsuario` int(11) NOT NULL AUTO_INCREMENT, AUTO_INCREMENT=2;

--
-- Restricciones para tablas volcadas
--

--
-- Filtros para la tabla `carrito`
--
ALTER TABLE `carrito`
  ADD CONSTRAINT `carrito_ibfk_1` FOREIGN KEY (`idUsuario`) REFERENCES `usuario` (`idUsuario`);

--
-- Filtros para la tabla `comentario`
--
ALTER TABLE `comentario`
  ADD CONSTRAINT `comentario_ibfk_1` FOREIGN KEY (`id`) REFERENCES `producto` (`id`);

--
-- Filtros para la tabla `pago`
--
ALTER TABLE `pago`
  ADD CONSTRAINT `pago_ibfk_1` FOREIGN KEY (`nroCarrito`) REFERENCES `carrito` (`idCarrito`),
  ADD CONSTRAINT `pago_ibfk_2` FOREIGN KEY (`cuilCliente`) REFERENCES `usuario` (`idUsuario`);
COMMIT;

/*!40101 SET CHARACTER_SET_CLIENT=@OLD_CHARACTER_SET_CLIENT */;
/*!40101 SET CHARACTER_SET_RESULTS=@OLD_CHARACTER_SET_RESULTS */;
/*!40101 SET COLLATION_CONNECTION=@OLD_COLLATION_CONNECTION */;
